tran_id,TRAN_DATE,user_id,pro_id,amt
YSUMR,2017-11-30,1370,14,62941.65604881545
XNTNM,2016-09-03,1313,5,47063.231844703645
RSPLM,2017-01-31,192,2,63.10349317231179
ZUZLY,2017-03-28,1424,15,16700.312529904248
CTAGE,2017-09-04,572,14,100555.39723895257
UPCJC,2016-10-29,430,4,58787.869164304655
AUGXB,2017-02-11,660,9,56262.19355589883
TKUZH,2017-07-18,552,2,195934.18582650632
HWEBJ,2016-12-21,593,6,9294.019569472934
FCDPF,2017-01-19,653,10,163523.34510537784
DHUXG,2016-09-17,857,1,111188.3978687882
DVYNH,2017-04-14,385,11,65706.63422507478
TFIXJ,2017-05-19,105,14,106085.83159830076
NNSKB,2017-04-02,1148,6,15787.893282932086
ANBPT,2017-03-01,127,4,156237.90026057954
XGZSD,2017-07-04,1253,14,196634.5875162723
YKQAK,2017-03-27,1417,12,23247.761953445668
QFYNI,2017-10-28,79,5,162481.85764822274
QMLJA,2017-09-11,99,6,162385.41203238812
ZGQQQ,2017-06-13,413,3,84461.97084725673
ALZMJ,2017-06-23,890,14,62473.92579262181
CUMXO,2016-08-23,954,12,137427.01833270025
OQMVT,2017-01-25,1418,7,60221.041328488776
CHBBY,2017-08-30,416,7,111984.37166163772
JXXDZ,2017-01-02,701,3,133126.96826035748
ICZXS,2017-04-14,1290,6,199967.60923522938
UINAH,2017-12-09,580,5,156872.65536791424
DNFUN,2017-09-01,1054,6,195920.918125267
JRNQQ,2017-12-04,220,14,26225.04081996724
MNRSM,2017-06-19,962,6,36876.849758826924
JZLZJ,2016-11-11,92,6,102136.08657562776
ZMZPL,2017-12-13,95,15,75238.48857565165
HSRET,2016-12-19,1049,15,192994.28910435305
JFTHL,2017-05-18,971,9,136486.94554595463
KEZNY,2017-04-09,661,2,120687.54934902834
XLQPN,2017-03-28,1012,5,118748.1074732676
SUPFI,2017-11-23,453,5,149215.49064640581
PQQRF,2016-10-23,1266,11,46323.4159240153
EDNSQ,2017-03-29,283,14,74558.83503873782
HMZFG,2016-10-06,1266,12,112176.31121436773
HPLVE,2016-10-12,279,15,14027.141381839736
EHXAE,2017-05-29,999,10,98757.4141639171
HDYSB,2017-10-10,1395,7,116544.06361801153
SERKC,2016-10-07,909,10,52375.01594145881
IEPYV,2017-10-20,1495,5,906.1036924997268
QZZDN,2017-03-22,1379,8,61777.56388011115
OXMDZ,2017-06-16,732,3,33273.5472648888
DSDED,2017-03-30,1461,16,25492.31642748313
EQRVU,2017-07-08,848,7,72985.57111950885
PEFEN,2017-11-04,676,6,81844.74966234325
FIOWG,2017-08-18,804,8,123809.8862624632
SVZRX,2017-11-11,691,15,2924.8581214234905
MPHXW,2017-05-22,394,6,91850.01209726193
JIIIA,2017-05-19,409,16,75610.43511104395
UYSNA,2017-09-01,433,6,46334.76788515123
ZOPOR,2017-11-15,264,1,34884.35914788721
EZIIQ,2017-04-15,933,2,102627.74167909555
YCALQ,2017-09-16,648,14,31101.360173618552
VPJFV,2017-02-13,1461,13,27826.807982029433
TUWJB,2016-07-21,436,4,160163.60284402367
EGPJK,2017-11-19,451,3,81956.99693745183
VHYJO,2017-08-06,123,4,196006.19564273875
MCQPX,2016-07-28,1269,12,56628.66817116106
VMMOF,2016-08-13,318,9,116440.67844166997
USNBW,2017-05-06,1355,5,137729.14050022734
BOFIY,2016-12-23,409,13,115336.46877674868
XXRGW,2017-04-20,725,6,193663.25971609817
LUFPU,2016-07-12,405,15,173959.29547961656
EIFFY,2016-07-26,1139,11,30456.01100179327
KAUDE,2016-08-30,78,5,130138.21660250428
PTVBK,2017-01-16,592,11,42828.68367997252
HESZJ,2017-05-28,1407,12,108701.22726494378
ASVTQ,2017-01-02,617,5,175566.08214756259
YTWYQ,2016-07-07,45,12,16279.276643552153
KMSJU,2017-12-02,1095,6,152344.6755403742
YHXXO,2016-10-28,321,11,190354.48314730602
EJRZU,2017-07-08,1328,1,115604.29892127542
UKJRU,2017-10-08,1121,8,95967.5400341335
VDKVV,2017-06-04,1457,5,86637.9449611997
LYSRW,2017-08-28,1148,3,21724.45096000042
IKCOU,2016-10-07,819,1,9788.029127214992
PJZZD,2017-12-28,193,12,120378.50355874622
WUTGK,2017-04-14,666,9,43295.7618140031
ZVNLH,2017-08-25,1394,16,184086.57296105652
ZNUOY,2016-11-22,1036,9,21319.4204175968
ZYXUK,2017-04-05,77,1,145924.06264034903
OUUPJ,2017-05-26,928,11,98247.56242096052
HVNRZ,2017-03-26,302,9,184648.01184558377
CBCTX,2017-04-19,776,16,92902.56436792618
SXJVW,2016-12-05,1025,15,183309.07098232541
RYEHD,2017-05-02,834,1,157076.9852531461
ABQWW,2016-07-14,1231,5,148602.42058860546
POABR,2017-03-19,418,7,122101.26345019999
OLFZZ,2017-06-03,1337,15,142917.75825874667
ZXKNL,2017-09-21,842,6,90351.6585927912
HEQOM,2017-05-16,465,9,66366.29242866758
FROQQ,2017-06-20,759,11,97347.87443214555
IHSEG,2017-10-19,657,5,168714.0879945535
LCBFB,2017-01-03,984,5,16360.980096704614
FRRMS,2016-12-20,1165,16,79891.60796096806
QGTYO,2017-05-13,1137,16,193545.193074079
AFGZI,2017-03-26,710,4,68627.42839012414
WVIVM,2017-01-23,339,11,71536.61510130003
TBVTA,2017-12-02,297,9,188739.81980577638
DKNKK,2017-08-14,825,4,92195.17230776689
OEZLL,2016-08-12,1,7,145657.33125156426
BPLPV,2017-10-20,461,1,175857.6691520469
WQEEB,2017-04-30,243,8,154228.3312363275
ENUVN,2017-03-13,71,6,186050.0096441472
TJZIY,2017-03-27,1226,3,53473.959107530696
FSRHX,2017-07-24,687,1,143162.1064615064
MROIK,2017-04-08,1448,16,194175.69237037454
NUYOD,2017-05-03,123,2,188582.1884322014
KYGUX,2016-11-12,494,15,119510.262785453
FEGWA,2017-03-25,102,2,20338.474772992955
BTOMN,2016-11-01,1424,14,1953.8851570559457
AEJJZ,2017-11-08,1233,11,146021.57085370598
PXIGM,2016-10-29,274,2,130504.72938697496
WWUXG,2017-08-03,420,8,51838.15426633442
JWFFH,2017-06-15,1489,14,106477.16170533697
TKJDW,2016-11-30,816,11,182979.269982855
LSKVG,2017-10-02,1244,16,169791.05220097533
PDDMV,2016-08-20,742,15,62940.99622767888
GVTRU,2016-10-02,804,6,107038.05318777302
CDHFH,2017-01-16,850,2,140859.77118736706
DURXK,2017-01-10,1172,8,176829.633717915
XGFFM,2017-04-11,706,16,135664.5852301791
OMTMJ,2017-03-15,625,7,82816.79581071241
ULEHU,2016-09-17,1035,10,5049.23211578805
BAJAD,2016-12-13,999,9,91794.58741095639
GEQKO,2017-10-20,384,9,87582.26970408582
SNTFE,2017-06-13,1276,9,194613.00978597117
WUWCH,2017-04-06,168,14,35095.382844063504
NPVHH,2016-07-15,36,15,175979.78060136942
TIDYW,2016-08-28,298,16,27409.225126937774
KWUSD,2017-08-27,72,10,10952.1002617337
YKJJD,2017-03-21,715,5,25498.60809290234
ETGKI,2017-05-27,414,10,58998.634700212446
LPYAU,2016-09-28,25,4,108213.4689232139
QRZSZ,2016-12-23,683,14,122236.39357705915
GRCFV,2017-03-11,978,11,21997.597989440077
BKGDM,2017-06-13,417,6,2221.4308558108796
ULKIK,2017-11-03,207,15,38991.90806038697
NOYHM,2017-08-01,185,5,170399.67745398855
GWROX,2016-10-16,956,2,197783.68596063342
XKFSS,2016-08-22,459,9,154574.10064808984
YNBCV,2017-10-29,1065,12,70268.080565677
GCOEV,2017-05-11,29,1,175107.1948281536
QKZJM,2017-07-23,1374,2,2360.29090989478
KMIIE,2016-08-14,1125,11,63224.49918013375
TQZFX,2016-10-03,928,4,74692.21306131224
PGHBY,2017-10-28,633,7,178495.9076600967
LNUTZ,2017-03-11,866,16,113543.3412168857
YOFHP,2017-03-02,114,9,34071.89641761919
CHARH,2017-04-24,1421,16,172440.93465904528
DOOFY,2017-03-02,150,10,174447.28280026442
DFTVF,2017-10-09,931,2,108526.80457843047
UFJTN,2017-06-02,984,2,101403.58204001356
KYIYE,2017-03-09,247,14,142475.09317882432
VJEJA,2017-07-05,677,16,156378.35143296586
CRFWD,2017-08-07,1372,15,15829.248705475597
ZFHMH,2016-11-09,1341,10,90669.51991619299
XNFTZ,2016-08-29,1300,6,555.5812913808467
ZKFUX,2017-09-24,787,4,130369.0850448382
YNEWC,2017-03-17,803,4,72765.17344397973
OIMXB,2016-07-22,614,2,86767.94062401055
PIOXL,2017-09-19,1339,10,67225.12819901756
VEIUD,2016-11-12,1216,15,99589.2646413031
QRLHO,2016-10-22,1363,8,18685.389511250272
BZTKG,2016-10-21,298,8,91390.17868159343
YRCJM,2017-12-13,1312,3,77306.20093664798
WNMTS,2016-08-07,281,12,182546.21481414
VGDLU,2017-08-28,43,1,13318.85663889325
MWCZA,2016-07-25,153,6,38405.32391580109
RKYRT,2017-01-19,1205,4,13339.224035904863
HQYIE,2017-01-05,8,8,50340.36794744945
LDIBH,2016-07-30,1006,11,145796.87802030513
DPWJL,2017-06-18,1438,15,173548.88372584456
WBFXX,2016-10-22,300,8,14060.993880528682
BAIGL,2017-10-03,171,10,14007.600011306942
TXKGA,2017-08-01,948,15,82880.60602627126
ZDXYR,2017-12-01,432,10,116113.76851701463
TEBEU,2017-10-30,522,10,35299.16620054547
VFUHF,2017-12-19,35,15,106048.57496502473
JONWU,2017-03-21,722,9,89735.11703352118
HPNUC,2017-11-24,802,1,112715.9880671117
ZDRZC,2017-09-26,1009,8,73728.65698829887
CJBRR,2017-01-14,445,11,33938.24482603429
WLZNK,2017-10-05,182,13,96168.19171346005
DSQXH,2017-01-09,439,7,141155.02721136005
RVQBJ,2017-02-06,1306,4,180703.93337039227
EYALN,2017-11-25,78,16,172948.0668853282
TPYPB,2017-08-28,1097,14,180450.72353186124
KYCOD,2017-09-10,870,3,3522.234463569074
OXINO,2017-10-03,280,8,158652.79529767256
ZAKKW,2016-08-15,234,10,44790.44383243489
MPKYL,2017-03-03,1335,8,139561.3753519309
EMBSN,2017-04-20,1248,15,73146.83033848062
KWMYO,2016-09-29,1156,5,110512.13637038824
WJURE,2016-12-17,728,5,139080.35970491194
RHWZN,2016-10-28,953,16,45501.46262507293
DWXII,2016-11-28,683,9,7373.167061583285
IGBJI,2016-11-16,139,7,57649.935147163545
EGUOO,2016-07-02,219,10,2736.63038502332
MFJHR,2016-09-01,1410,10,73998.56627196637
GZDBE,2017-03-10,319,3,150394.78282822666
DTDUB,2017-08-12,266,8,16941.15388766613
TZCKP,2016-09-22,568,2,153660.32448200413
MCJUB,2017-04-17,1252,5,177387.063985031
XKPPX,2016-09-26,658,6,38423.93242948734
WKVEE,2017-03-26,1442,1,179876.78658938868
QUXUA,2016-09-14,925,1,83212.67485175938
WJWCH,2016-12-03,527,13,88128.33166367756
BVGTO,2017-12-14,104,1,58876.49947653815
FPWPU,2017-02-07,924,13,35788.96591626708
QXTXZ,2016-07-07,1284,16,170875.630132236
YECQE,2017-03-28,194,3,87184.64231534755
RJZAJ,2017-06-04,72,14,11466.49896576728
PKEUY,2017-07-22,575,1,112037.70206436988
NHDFZ,2017-01-09,434,4,21484.86292710863
TBTEH,2016-09-14,766,4,86817.01246241429
HCDIS,2017-02-23,787,10,62181.16465020669
NAUJK,2016-12-29,1344,7,180186.79726914372
IPXZZ,2017-07-27,702,12,148323.067268768
KETFI,2016-10-02,208,9,25600.543532322128
BIRCI,2017-08-07,1487,15,144118.91764504192
OAJGW,2017-10-21,1301,14,85559.19446838877
VMMSU,2017-12-05,209,7,137903.28525364524
SOGAJ,2016-10-12,1495,13,49078.462306240646
CCDQF,2017-06-05,1289,15,152917.32440088145
IPJDK,2016-12-28,119,10,191099.71800957964
NQDLL,2017-01-19,777,5,187702.6239720949
OSBLB,2017-10-06,778,6,38349.705021120295
EOWZM,2017-09-14,1215,11,48493.21089504208
SELGG,2017-06-01,1392,7,6201.73494207803
WQPGU,2017-01-19,180,14,190416.37550109407
BZEYC,2017-02-02,878,5,47985.76003788728
OZNFP,2017-02-06,1025,15,109089.501658332
UHPKV,2016-07-17,1193,8,172496.50604289927
UXYHF,2017-10-19,342,5,9991.819572550909
YLDSW,2017-08-15,1304,12,199399.289208627
QKHKT,2016-12-07,437,15,50948.51731982224
ZJYRO,2017-09-11,94,13,102723.25869163488
QSJYK,2017-04-19,1288,8,143259.58566698653
LQYNT,2017-11-04,1132,5,157698.14701361224
CTILA,2017-11-23,723,2,76702.44134944695
DBPTK,2017-07-23,1300,13,14591.585338888535
IMNKZ,2017-06-03,1151,14,90222.57285218181
TEROQ,2017-05-11,984,14,14810.69092602425
ADNQS,2017-10-18,1025,1,179750.51209158474
JTZNJ,2017-07-07,1053,11,72308.2735461262
NFNGM,2017-06-14,731,16,120302.30830151246
INGIF,2017-08-14,584,8,35240.65154580322
QJPGU,2017-05-12,734,10,50373.05740086546
KNBNF,2017-03-23,838,15,90611.75601569747
GGUQC,2017-10-28,1472,1,100297.70645788341
IAKEY,2016-09-01,130,14,182130.36685725467
YJJDZ,2017-11-21,312,6,19290.65223625075
ITDOO,2016-07-13,771,6,45210.03106408849
GXXTG,2016-11-15,1098,3,118643.80900219767
CHTKW,2017-05-05,782,4,76358.23175837168
IOZKJ,2016-12-23,457,12,48053.170032953574
TTNII,2017-07-19,55,12,50686.2408019112
PCQSB,2016-12-05,1288,13,44797.61893532519
CKWRT,2017-05-27,284,2,80562.03347043537
WYGMC,2017-02-14,18,13,13008.73173643433
LEOWD,2017-08-15,848,13,38033.4814947402
VLWVH,2016-12-25,371,7,127338.76433384522
WNWUO,2017-04-25,405,11,141278.71611827964
FGMJT,2017-03-15,1271,9,86064.86288573033
CHHQX,2017-08-11,1006,8,168720.36337501265
ASFCM,2017-08-28,948,13,44900.0063989919
IGAIC,2017-02-04,1110,8,26836.820530159854
SWOXB,2016-12-02,215,10,173511.91970866162
POJPO,2017-08-06,260,13,37641.2827637445
AOMRG,2016-10-31,989,7,171332.02803273028
FHPRD,2017-03-25,1368,13,187529.1050946251
BSUJO,2017-10-04,51,12,118328.5099070908
TBAHN,2017-05-17,1101,9,82344.29505645935
EAUYH,2017-11-06,274,9,118526.88744705934
LHCEE,2016-12-25,1159,5,13631.049833613384
FCQHB,2017-08-26,1269,14,186600.53849267316
OHHYK,2017-05-23,722,15,165094.1211141871
NHEDV,2016-10-04,564,1,111753.11639571654
LQCRQ,2017-09-02,603,3,97178.71901684832
MNIYZ,2016-10-08,1223,12,17161.66362523528
QVNPT,2017-12-01,573,11,149601.13054331366
KMESN,2017-11-08,783,13,139249.78561898996
DPZHH,2017-02-04,1319,15,106409.14162237238
DEQXL,2017-10-18,708,6,173107.76500227975
OGJVR,2016-07-27,91,15,25803.680279926477
WMVJM,2016-10-08,549,2,29444.205230714848
MXOBU,2016-07-16,556,7,43772.3876507123
PIKUK,2016-08-02,705,11,32183.27236673979
ZHPFY,2016-09-18,506,8,175298.15970427654
CUZIJ,2016-11-09,695,6,94165.76566396664
MMYIQ,2017-05-19,1274,13,3423.4459020680897
QUJXR,2017-04-26,417,5,139846.478161353
JETJL,2017-04-17,290,6,50857.2737111691
XVFXA,2017-02-03,775,12,144338.72790391863
PNJBD,2017-04-16,1328,14,129040.03986301778
OOTWA,2017-05-03,594,5,41085.326859931134
EVNRF,2017-11-11,944,11,168252.79169893396
MQWBK,2017-11-13,641,3,22977.4858319993
FUQAT,2017-08-30,384,16,155616.18550386556
XDIYH,2016-09-20,918,16,4998.301951114392
YMJCK,2017-02-24,308,7,36001.78242925069
CVGMN,2017-07-14,487,4,96193.23847170915
BVRBA,2017-07-16,135,1,159798.24766690106
NEZGE,2017-10-14,453,6,80535.64791467876
JIYMR,2017-10-20,1409,15,159167.02272524187
LINEI,2017-02-25,334,12,130667.60407637015
VBGZM,2016-10-17,1443,12,131968.18269626866
BPBTJ,2016-07-10,1291,14,14452.32930347724
HOUUH,2017-03-09,332,14,102935.2416515215
KXPYG,2017-01-03,261,13,121006.15002702175
XKBJE,2016-10-02,1383,5,59637.523066702
BNKVX,2016-10-29,756,7,198665.0961944181
OZUVU,2016-11-23,61,15,69894.14751323409
FEVSM,2016-12-12,1342,9,179123.3303468101
NLQTW,2017-07-28,1348,2,38950.97356730681
IRHQI,2016-12-09,1388,13,181777.19209453883
OBMXC,2017-09-29,1059,1,171617.1395598755
HPJUI,2016-09-06,1179,8,49519.11808471856
BNRRB,2017-09-18,802,7,96320.4960239418
NYEZJ,2016-12-15,563,4,24281.519887745806
CRBKL,2016-10-17,977,14,29543.577542398823
OGOUH,2017-02-01,192,1,124966.93026415477
XNSOS,2017-07-15,39,4,170345.28867770717
DEQEE,2017-12-10,1420,5,191592.3919090909
TCRPD,2016-12-11,805,8,74886.75853572477
BOJHV,2017-07-28,745,8,104958.69824279437
YXDTP,2016-12-20,196,5,47543.926792895145
IUTCQ,2017-11-07,1017,1,198428.77655150296
KXUAB,2016-09-07,785,5,142256.18480539133
NAWBM,2017-08-29,162,7,131720.4240101927
FKXZK,2017-03-24,1337,10,173061.95996328976
UBRBQ,2017-09-11,570,1,39847.436690907576
GNGLJ,2016-10-30,915,2,96700.62346020211
QNOXZ,2016-11-21,1286,3,33838.75387628412
JRYQG,2017-05-11,713,5,27605.514950193166
EBHZV,2017-11-29,948,1,172885.64705792174
AUAIA,2016-09-02,1401,9,5769.684060610048
BBOXZ,2017-07-10,1093,9,38613.66193532485
DQPZC,2017-01-09,1045,2,193390.939341657
RVJLV,2017-03-23,614,14,149564.95056356824
KMJJZ,2016-11-24,351,11,152987.62222233188
AYADS,2016-11-14,394,3,120089.87514523357
AWLSK,2017-05-14,1269,14,175266.6716216579
OCMHP,2017-05-30,1366,1,69555.25812652435
ZNXFI,2017-04-13,481,7,81121.81165733143
CKOSN,2016-11-01,1241,2,141319.33759074565
GRMRH,2017-08-21,189,1,106866.56827699339
LLVUT,2017-08-04,311,3,80681.23450694067
MAGYV,2017-08-16,960,13,132004.31774971812
SYYQO,2017-06-09,576,14,15394.472714994057
XRTZH,2017-11-26,992,7,90426.08804739374
HWGYY,2017-06-30,1196,3,78933.61544937287
DOKQC,2017-04-11,1447,14,72204.97329221285
ATFYR,2017-08-08,1138,16,195427.65364822815
BXTZH,2017-05-26,616,3,139038.45413099002
ITEEC,2017-07-19,733,12,11451.37394308644
NSGMF,2016-11-10,162,6,174721.0275149348
DHQKK,2017-05-02,1248,11,38876.441497238986
NSQRS,2016-07-25,619,14,51555.39455945315
PYPHI,2016-10-31,962,7,161010.9781770699
UUXJI,2017-07-21,641,7,194051.55578781868
PRBRM,2016-11-28,667,1,114616.13912311073
GKMGR,2016-10-18,621,7,73017.31490975062
XATSD,2016-11-09,1348,2,58430.2522893962
PUSZS,2017-05-21,437,14,55906.68447908487
OWWCI,2017-01-20,101,1,36473.769270124554
OKZZC,2017-07-03,1347,4,12082.659610336654
MVWQL,2016-11-14,574,4,166862.68044836938
PMYRS,2016-11-03,377,11,89040.05962424373
ANCBL,2016-12-01,297,9,49971.137104921894
ORPJW,2016-07-17,1472,2,199433.27379712352
QDUGL,2016-10-11,727,2,169080.19701101363
JUSFD,2017-11-15,1122,4,179231.05725315027
AMCII,2016-07-30,568,3,6034.953496693518
SYKYI,2017-01-07,84,15,130314.41889930284
MEGTE,2017-12-26,216,14,190929.76753043788
MLTIG,2017-02-17,1100,10,159068.3252519153
KAJWB,2017-06-16,374,10,181957.28954133164
QRSNW,2017-12-27,717,15,143410.38135898404
VQYLD,2016-08-23,389,3,48600.951293185644
TPYIL,2016-07-04,1231,10,159210.883898561
ESFBL,2017-09-10,1243,12,151289.77837690708
XRWIV,2017-02-23,460,5,69450.79971636308
PPFKF,2016-09-11,1044,3,50472.872425516165
BCXNZ,2016-11-19,1340,9,124524.60342672182
TKSFF,2017-04-27,1027,3,176785.74615683898
BXTQZ,2016-12-19,245,5,32012.40623211372
WIXYV,2016-11-01,320,9,30525.189100053685
QERTY,2017-04-13,259,13,141602.14187181526
VPRZM,2016-12-14,364,14,75914.0403626577
BCZHD,2017-02-12,775,10,61526.99671772219
NOVNL,2017-08-22,310,16,79714.89285325288
UDNSP,2016-11-09,844,9,133645.4365601372
GVOGN,2017-05-08,233,6,108666.69052948881
HDZLU,2017-04-01,809,6,40399.900793053224
DKRUT,2016-08-06,937,11,80223.4860077681
HSEXN,2017-06-20,445,13,160793.57913409814
QNFVH,2016-08-16,404,14,42383.93967675178
OUQQW,2017-02-27,1288,12,134281.3911836045
JFMVU,2017-06-12,253,4,139476.06392540364
VMIZR,2017-07-21,1380,1,155369.47932235364
UEVCB,2016-07-13,1391,9,84032.30434002793
BVGKF,2017-04-19,1435,11,183939.56895940515
FEUAC,2016-07-02,1145,7,145862.7231803316
ZWTIV,2017-02-12,1262,2,159152.92502392345
AWSPU,2017-12-06,39,5,85069.00577141767
NSQOZ,2016-12-25,795,13,16797.34276417073
PTDKV,2017-02-06,984,1,54378.24415345221
MIXME,2017-05-10,267,16,132202.22008652415
XWQRT,2016-09-23,515,15,143632.32541162343
LWFFD,2017-09-15,990,1,192331.84122397733
MARTX,2016-08-21,1044,13,117100.10038284553
NCAUL,2016-12-15,1,12,90156.84228207996
UFWHD,2017-04-02,815,12,99530.00666278649
FZDWC,2017-04-24,291,11,120618.87773700454
JJJCO,2017-02-23,1298,14,19161.5044140915
PHOIO,2017-03-23,42,8,6829.828731885023
WHTPK,2017-05-31,1378,9,84184.14175145084
HNTIH,2017-10-15,1288,4,30418.72886078929
WKZXO,2017-07-07,1428,1,112057.06248754366
RLNRQ,2016-09-20,1287,5,74768.18235404862
AZQXU,2017-05-20,960,10,42231.357300366646
AYNQX,2016-08-20,574,6,148975.6633599684
IFCOP,2016-10-08,1110,14,71148.38146222713
GLIFH,2017-01-08,1392,1,68145.72892521722
TXWEG,2017-06-11,999,16,93926.1228752654
WJHWT,2016-12-27,525,10,42654.57939220294
XSZWA,2017-09-12,419,3,49571.81170291971
NIVUZ,2017-10-16,1283,15,15910.03318362969
WPGOF,2017-12-26,1446,4,17203.539408625602
GZNJL,2016-08-31,1214,10,78427.28217491333
OUYWJ,2016-12-23,1324,15,176613.36804543907
AFBPS,2017-12-04,854,13,94630.92470921126
BAJXZ,2017-01-30,460,1,23415.20009870166
EHLBF,2017-03-29,526,3,117503.06590907158
AAZHG,2017-12-14,1202,6,3225.0842554140345
EODCN,2017-02-16,535,11,165094.35133146905
SOYZE,2017-09-14,1341,3,157112.3700178922
YSBEL,2017-11-25,1194,4,171741.69257641042
VWOHG,2017-07-11,1435,16,13494.427280612297
EBERW,2017-10-23,1336,5,186466.01808340792
CBXTL,2016-07-17,1453,11,178536.1763921834
JRAIQ,2017-09-26,708,11,36641.36325680223
XWARX,2017-05-15,1381,4,111609.49666288571
SFLVJ,2016-10-28,20,3,142415.88019219492
EWQHJ,2017-11-24,39,5,151943.5924801108
JNALN,2016-07-24,411,2,81329.68368528908
PSQIX,2017-06-15,490,1,141392.18927165293
CBVBB,2017-01-29,87,1,5735.39817058879
EKVZI,2017-10-16,612,15,137444.3263677923
BMAZS,2017-02-24,184,10,187644.67588856997
LWSIB,2017-09-06,74,14,116335.21824466375
GXZQS,2016-11-29,274,14,144481.61171737663
HZXKT,2016-09-06,357,11,179598.83166693442
ZQCKA,2016-10-14,145,5,198706.94289295218
NDEAC,2017-09-28,676,12,198211.5926401898
HCPWW,2016-07-07,604,8,179567.58727900896
VQOFG,2016-08-20,837,10,125348.93175462936
BTTJX,2017-12-02,693,1,164478.86793779433
CUFVT,2017-08-20,25,7,154073.0898430146
SOGPJ,2017-03-09,729,2,144986.22923860466
YDGDT,2017-10-07,1466,12,86087.79368494503
RCAXP,2017-12-03,133,8,148603.78648755493
NWTKP,2017-08-29,1353,1,83327.12105273068
STHZH,2017-06-02,1261,2,191978.6552498429
SIHLD,2016-11-04,14,3,132849.23875538778
ELXAN,2017-11-07,76,8,147284.04797899054
AHJJB,2017-12-06,258,1,6527.302049568951
YIWMD,2017-03-22,402,3,12050.777968993676
JWJRF,2016-11-10,162,15,46105.45118402427
ADJNR,2017-09-23,218,1,66243.90787850916
XXWOU,2016-09-30,1095,10,115937.60135611366
AURHN,2016-08-28,330,8,175800.90034196817
SSWIQ,2017-01-13,649,15,198158.33001530365
POWSR,2017-11-28,819,8,120572.13123086834
CBONA,2017-01-04,1374,6,102304.52733265782
WFMJD,2017-08-30,1484,8,32748.72373711193
GSSVQ,2017-03-15,1289,14,88342.69005427558
UCBKJ,2016-08-02,1325,10,139536.13818346153
XJVAW,2017-07-01,147,5,87556.34583985295
QXIVU,2017-09-10,298,10,114884.8654818815
RJAXK,2017-09-06,70,12,48195.365937526025
WQCWJ,2017-05-05,114,10,97633.05483730402
PNTFJ,2017-09-22,275,15,1253.279152437381
BGMRN,2017-11-11,1402,8,10460.949915657959
HMZSX,2017-12-29,1496,13,134602.25791655082
JXMCI,2017-02-26,8,14,106492.86727318483
JEHUR,2017-02-27,1234,6,43945.3290752075
RZKYT,2017-08-30,1103,15,51748.19377696182
JXKHQ,2016-12-13,1227,5,81081.183700095
BLACA,2017-02-21,2,7,38793.76970100396
AGEXZ,2017-01-13,702,2,119179.16070679817
KTZCS,2016-11-07,581,9,26132.82867593909
UYTKY,2017-01-27,391,16,56852.663535691674
HNZSX,2016-11-30,590,3,179302.94279352154
NXOSF,2017-05-08,703,7,95031.13088882425
ERFWK,2016-07-24,765,4,148832.9678050618
ZKKFG,2016-08-19,279,7,57596.97367807874
HKBHH,2016-10-13,246,11,122399.31967555304
YPWLD,2017-08-23,17,11,11964.42295952178
QXZAE,2017-07-31,288,12,169812.38595172195
ZAVKQ,2016-08-08,829,14,184691.66157748422
ZQWHI,2017-04-25,641,5,158333.80417980943
IYYBU,2016-08-10,520,5,65162.119977742506
QQRUS,2016-12-23,1062,14,166200.97264138266
LGOUD,2016-08-01,37,9,149687.45717850162
PKWAL,2017-05-15,65,12,62319.701062511456
BVQAX,2016-09-21,641,1,96018.78389637035
XKVKV,2017-08-03,76,5,190964.02836843464
EJLMY,2016-10-04,1357,5,125663.00712603513
WKIWC,2017-06-30,1049,4,46338.39924435475
NETCO,2017-09-07,1105,10,111629.7244752182
LAVEK,2017-02-27,993,11,188084.50871944046
SVMVU,2017-05-11,35,2,16239.096613826498
KFWRI,2017-01-27,1017,11,193841.12328379022
GGFHD,2017-04-05,796,11,58201.50495537344
FCEYZ,2016-07-22,1229,1,158499.07243991003
ZSVGB,2017-11-01,1152,14,31181.32831102409
YXOJU,2016-09-18,680,12,67588.60071840687
XLWIH,2017-08-14,1197,13,147944.36855143303
EYDOP,2017-07-06,802,9,112630.29175554715
XATGR,2017-07-05,694,11,195600.4361569213
AQSXG,2017-12-17,743,7,49442.55147492804
YENYH,2017-11-29,11,11,6461.936840219495
TOKRK,2017-04-10,143,8,74710.79742532823
CWOVA,2017-12-24,612,15,133917.49644756925
AJNMO,2016-12-15,1284,8,86499.13387874984
SIWUU,2017-10-18,1298,6,110233.82259140475
ZAJCN,2016-12-14,573,7,79871.3067657672
LFQLA,2017-01-17,403,12,4256.643385384651
OYEXE,2017-02-18,879,7,118629.44524478467
JRFBL,2017-10-02,538,9,148838.87645954423
LJURC,2017-12-06,1384,14,85728.9933802112
NFDGE,2016-09-25,252,8,88802.90330321588
DZUBA,2017-09-10,982,8,86948.98749460012
WVCQT,2016-12-27,1243,7,64448.507776659004
HUOVQ,2017-06-10,836,13,189081.90809112706
WNIWF,2017-11-23,424,12,153853.96318088385
QZMIS,2017-10-13,1480,9,140905.7511807646
ZKXLV,2016-11-17,350,6,93301.53310025326
AXCOK,2017-03-22,852,4,199032.51497860014
XCBYX,2017-12-16,753,6,129551.17190898697
JUHNN,2017-08-04,843,9,165995.08119980822
AZBAX,2016-11-20,670,1,51012.15957890435
SNAIP,2017-12-01,407,5,169275.19138028225
OKLYO,2016-07-30,221,7,40729.10461956083
NKZMM,2017-03-04,99,2,73516.84726622116
IMUYI,2017-05-28,860,7,68435.97789051778
WVYEW,2017-01-26,289,16,173217.6859754728
QZMQG,2017-11-17,725,8,107244.48083381348
JNTPH,2017-11-12,255,8,72346.07286281609
WZETG,2017-10-02,1016,14,127206.18649071045
FZZMA,2017-05-24,1178,14,63784.14729957342
EULSZ,2017-10-20,1445,1,132340.27059271716
WTZUV,2017-08-13,293,2,140287.85244418026
PNNTH,2016-11-21,1414,8,120114.54262491148
KISEC,2017-04-15,256,11,80568.52445315261
XQHBB,2017-06-19,954,7,49376.87370928574
MMJKQ,2017-05-26,1333,7,111936.50632651677
THWVS,2017-06-10,632,16,26821.502372000607
UBSQJ,2017-07-30,619,12,47601.58363455409
UZOUL,2017-08-09,608,3,150493.2489680088
NLULO,2017-08-06,934,10,61374.436025702606
RFZQE,2017-02-25,1345,8,154188.20589112167
YIZTE,2016-09-06,475,6,37724.44864860787
LFTUP,2016-08-02,1228,2,119513.04685358393
YTTQS,2017-11-14,1419,10,89959.91560046448
ZSVGC,2016-10-30,1422,12,87387.19061143088
CJMAX,2016-11-28,308,4,120731.26170406194
RZDWM,2017-05-31,1109,7,16434.256278789206
MCFEI,2017-09-08,600,2,34579.69227555886
DQELL,2017-09-15,588,13,171435.28338218498
XQRPU,2017-09-10,887,15,49418.27907325529
JIHKU,2016-09-21,455,16,35955.62299070068
AOYFL,2017-01-03,397,5,29281.896943712505
LXTKQ,2017-05-09,964,4,35548.10343679302
GSNOJ,2017-03-13,1434,14,190835.7947514853
UYGKF,2016-12-03,637,12,72382.06909899028
TRPKJ,2017-01-29,1126,5,77599.19355511841
HYCHJ,2017-10-01,1014,15,3457.0470040196756
TCGED,2017-07-31,1214,14,47566.50388612618
ACNCZ,2017-10-20,439,8,74936.90183138027
ABFWD,2017-10-19,148,3,138687.98862882858
VOBVE,2016-07-16,1015,14,129704.70675103196
MCZTR,2016-09-12,1359,14,70236.4358151457
ACCGK,2017-02-12,234,1,93937.59126144998
MMRAR,2017-12-01,1435,3,141804.88290044252
WIVOS,2017-02-17,1247,1,115333.52269441492
PZNIT,2016-10-05,352,6,142935.60344164853
XHAYJ,2016-09-05,787,1,107755.79416717525
OBBWG,2017-04-09,363,5,155185.68987264505
ADHKM,2017-04-17,106,8,80349.24132666175
ZLPDU,2016-12-30,929,2,10728.751794471837
WTWCQ,2017-03-20,1046,9,27861.31104062255
AUCKE,2017-02-15,146,12,84028.30820208011
VANGR,2016-10-31,1366,11,39545.36314152604
XBBAD,2017-02-09,1014,4,80655.05059298407
JKKUN,2017-02-08,17,12,17017.361544352272
TTJGC,2016-12-26,296,7,172798.3825612304
NCYET,2017-10-06,795,12,74168.46603919535
HCJOP,2016-08-10,423,2,132511.7525827689
DJKSS,2017-08-25,1418,10,64348.68135398153
KLFQB,2017-02-02,878,8,11620.971823503878
RNKXP,2017-07-12,1020,7,134679.77258273994
PFWKZ,2016-07-16,101,2,16974.189495137383
BCIVM,2017-10-17,599,13,154640.7544681447
NUACN,2017-03-08,488,14,83710.57735867104
JMVBM,2016-09-21,1239,5,59657.445639423415
IVULT,2017-03-28,666,4,105959.87624906866
GBCNX,2017-03-31,177,2,13741.1445063073
YZEAF,2017-03-05,901,7,39549.49191758026
QVXMC,2017-02-15,1046,3,198442.07955798076
HMHLV,2017-07-11,1486,15,47613.1288196866
FNRIH,2017-11-02,428,12,26748.626243348794
NZTIO,2017-02-18,850,3,97310.58590614767
WHWWQ,2017-08-06,1231,15,51085.90667568274
BUKJC,2017-10-15,239,2,59571.73808388152
VFKWL,2016-11-02,166,10,188070.46708814712
XTOZF,2017-04-13,975,1,12420.88091187743
QGPYV,2016-07-12,1050,5,53437.01115956279
USGYP,2016-08-27,414,12,113307.59431733926
YNHKO,2017-02-18,959,8,90677.66494769162
LNDMF,2017-10-19,543,5,189109.03142228487
PMQAO,2017-11-10,866,4,172418.19101830866
YPZAU,2017-05-18,419,1,199428.09942602154
WNUYH,2017-07-17,23,12,57839.12297647622
SIJVP,2017-01-11,628,2,108177.41493364246
RKEJG,2016-10-11,413,2,178386.6262238119
ODIOX,2017-06-14,375,7,121687.94231872786
NSIST,2016-09-21,928,3,170116.60230932984
SMWUU,2017-07-22,549,5,60618.41600771449
MJRMG,2017-04-23,1116,14,56401.207584474025
YPLIJ,2017-08-07,1063,5,150421.46722043998
FEFAB,2017-01-26,1016,11,117702.99782860672
TIYZL,2016-08-03,737,2,191101.21382155837
IIGBA,2016-12-19,1389,12,26102.244165930344
YTPEF,2017-03-27,938,15,197554.57830667708
TYJRA,2016-11-15,1379,7,37546.38501933119
IKBHY,2017-05-31,978,8,27140.508870523372
VXMRM,2017-03-27,58,13,47933.48236281558
YHVBQ,2017-10-12,1069,8,134781.8871873518
TPYIM,2017-06-08,744,15,10824.8067832043
RQQUX,2017-03-10,1459,6,106705.46236367455
ZRGTN,2016-09-15,608,14,169611.5747936568
EVPCO,2017-07-11,325,1,155972.5169530174
BTXBT,2016-09-21,657,15,99256.15798878601
CLXVE,2016-08-14,463,11,87366.59401066229
GQMSU,2017-03-11,1284,8,185636.34045275478
NQUXQ,2017-05-12,167,14,21512.626705470804
WPJIS,2017-12-24,910,11,947.2234862118789
GDBHY,2017-01-25,629,13,67369.71185976813
RACQN,2016-12-17,412,11,84978.75140166921
NOICU,2016-07-09,363,11,12717.294113974398
GZULY,2017-12-12,779,16,120018.04815337702
THBLI,2017-07-15,386,4,110101.48291577304
LXBRV,2017-06-26,16,7,92928.27689335246
MOIOY,2016-09-03,18,6,121581.47289804627
WBRFR,2017-11-01,803,8,101573.06503828344
HUYZF,2017-03-18,865,14,144194.2771039383
DLFDT,2017-02-07,539,5,50050.32607945672
YCFGU,2016-11-29,1408,16,68396.43657798776
FZPCT,2017-09-25,946,9,39597.08261173673
PLSIU,2016-09-24,69,13,133364.79738226515
ZBXYF,2017-10-09,474,1,139571.4037859786
JKZRZ,2016-10-01,1161,16,11038.925924516763
YGVHU,2017-08-10,654,14,86206.9986333617
CDZRF,2017-08-15,1052,3,164443.39546360765
MTWDK,2017-07-05,1222,15,146140.88898096554
JXMZW,2016-07-08,1435,13,92691.86058100876
DFLBA,2016-10-31,1135,8,101017.12321256762
DVNYN,2017-07-21,42,4,73863.23158846181
TDEWU,2017-04-27,415,4,82537.13776945877
WLVQV,2016-12-29,570,9,30203.138660188422
GAIMW,2016-09-10,1463,3,30608.45254437021
VYDKI,2017-11-09,941,2,39379.92766041751
QOFGP,2017-05-24,1096,4,131911.77474749464
QBQIX,2017-12-30,1332,10,79178.3159244591
SCZNC,2016-12-23,1068,14,131269.91310854795
JRCZE,2017-05-18,108,14,91487.25469905765
AWTOC,2017-08-30,618,11,181369.50256347976
TVKAT,2016-08-11,405,1,166131.29083892147
BKIHQ,2017-05-27,268,12,44762.07852499217
VMVDY,2017-09-13,1059,6,179414.11281524706
LNPSQ,2016-10-21,915,2,162293.57097085068
RFMFB,2017-09-08,879,12,96289.28237540799
TNFDX,2016-12-06,416,12,177040.89448618615
UQENE,2017-10-10,1139,8,199367.82903068332
GQZPV,2017-01-14,291,2,85785.50572417154
WIACX,2016-09-15,105,8,2670.1790798841384
GNDDW,2017-05-13,156,16,91005.3018695868
STSHX,2017-07-20,522,11,106573.51330587309
OEEAT,2017-04-07,35,2,17162.888627752593
UXIJD,2017-09-12,1316,11,74986.06980437477
ACKEC,2017-09-13,1292,15,25738.522613510573
HRJQD,2017-04-13,291,9,23163.4636064757
UPCAP,2017-01-08,46,8,172812.2301937452
WCREE,2016-12-02,597,2,85482.6395313619
YRVQI,2017-07-01,753,4,80691.01814573085
RXAUE,2017-10-04,628,3,104043.03037212527
XRRPY,2017-03-18,1171,9,70903.31914516646
JGSAB,2016-09-21,238,2,168288.0241512038
WKLHN,2017-02-06,1145,2,103850.29217034647
IXHKP,2016-09-03,284,3,100808.48028046844
HFCXB,2016-11-30,307,1,172226.293902095
XKAGL,2017-03-14,71,14,106511.18678875198
XITZT,2017-10-29,812,9,167874.10999415378
XXHLB,2017-05-30,325,7,131494.7905821679
NKYVA,2016-08-01,1412,6,73395.17817024754
INENQ,2017-10-30,337,8,178882.7846886449
OOIIM,2016-07-06,1380,12,47640.91123285863
SFSWK,2017-08-06,1350,8,100398.4188434918
EQCSZ,2017-06-01,1328,4,184653.4708637038
RACYS,2017-11-24,213,16,195216.57689096028
FLYFS,2017-04-29,707,10,177062.65315540205
EPQRM,2017-06-24,264,15,48871.14315481829
ZBEWA,2017-07-13,1342,8,65424.65846137151
ESFZJ,2016-11-23,279,5,195123.6782892398
SHTXN,2017-07-11,1295,13,12336.855607140351
YPZML,2017-08-16,300,2,72366.1332561916
XFYJI,2017-03-02,949,15,167477.4870357287
RRLDD,2017-11-29,1154,14,199199.8761539288
PTVMT,2016-11-18,324,7,181270.90770008083
MQIMP,2017-09-23,1070,3,139187.97494396928
EPQDQ,2017-04-28,1002,15,110641.64229305722
DBFME,2017-03-10,1126,7,16799.19071161289
NJJLB,2016-10-30,891,3,190531.68666157167
SLOOU,2017-12-24,708,10,114873.4369461619
OPQGB,2017-04-10,876,1,81670.7981102357
GEVYI,2016-12-16,180,10,103718.14679577114
JYFGM,2016-11-24,226,1,26682.294925913386
WAEQT,2017-01-16,967,12,20482.123932552044
DZSFA,2016-09-21,1124,2,147791.4949057051
CLOOL,2017-08-24,1165,1,29625.55863687608
YGFLJ,2016-09-12,936,2,50794.85452093162
WPIJL,2017-06-27,1214,10,74677.35079066151
HXWNF,2017-02-01,1491,11,21738.419289375786
ALEGC,2017-03-23,1216,9,117727.27756965648
AFCUX,2017-08-01,603,13,55050.86294235972
YDCNU,2017-07-05,1430,8,63662.60884601449
RLHBW,2017-07-31,157,4,6784.906014913239
FPIXJ,2017-07-27,731,15,175145.88406270844
QXZLW,2017-01-23,46,3,180136.51588367316
PNTHS,2017-01-31,1011,11,190018.33182538202
BRQTD,2017-05-15,113,8,163485.83228635325
UTOMV,2017-09-18,219,15,14044.841191048274
BYBGG,2017-12-23,1422,2,66537.62452741372
HCRBR,2016-07-22,980,15,4660.40086456645
EJUEA,2017-05-18,1,9,58146.3409191578
DKJOP,2016-08-07,1484,1,25736.60595625682
TAIRX,2016-07-12,1400,2,69019.47732162061
OAANI,2017-10-18,1491,10,199201.3788010547
YXSKF,2016-07-11,153,7,180587.85714850007
VREMT,2017-02-02,1475,2,106976.96272451151
EMGYB,2017-12-13,1090,13,82076.60406163409
IKXQK,2017-12-24,1346,7,60427.00266999024
TWUDI,2016-12-30,1249,9,54475.327450417724
LGGMU,2016-08-05,1019,7,23864.081670189873
NYEHN,2017-10-08,726,9,966.8764174183053
RVOSY,2016-08-09,1245,5,140424.09905835983
INZPQ,2016-12-02,618,7,190611.11901001583
RMYTR,2017-06-30,896,6,187530.4852604008
LPQBL,2016-09-26,615,8,163503.68634742056
ZISDB,2017-08-12,552,1,189338.6280742522
MGJAX,2017-05-01,378,2,147654.76082244725
GOFUM,2016-08-22,715,11,46893.7500753871
REAVP,2017-11-29,1307,1,149447.4470537315
IIXWM,2016-10-10,990,3,136770.26270785416
IVBEQ,2017-12-09,1291,3,191971.99510672785
KGIDK,2016-08-03,1224,2,41528.47159408122
VVQCO,2017-06-30,1146,4,167839.5947264499
KMEJK,2016-07-03,1110,13,180145.98450979567
GVXUI,2017-04-26,508,7,32459.892471045925
KSVEM,2017-09-28,391,4,9241.94422285034
IKNHS,2017-11-26,662,5,18477.733745427937
IMNXY,2016-08-08,1048,11,32353.89951605747
XPKQF,2016-07-31,1006,13,68631.03929330647
LDTVM,2017-08-08,439,2,181967.2439401238
NURGG,2017-07-18,434,6,157774.6735356013
RBVVA,2017-02-13,1116,15,32589.627929960785
KMZEI,2017-07-11,357,2,23976.42951668426
FQWPZ,2017-08-22,88,3,190476.4222209277
HWBUT,2016-10-31,796,4,141850.15931620373
ZHAJU,2016-12-08,807,12,28089.945095573366
VEOYO,2016-07-30,284,10,34348.02370630425
HILWZ,2017-09-25,1307,9,2491.2841306862665
FEVFO,2017-11-27,416,2,73535.94606807083
LJFLT,2016-08-23,1297,11,77757.78749955888
GWWBF,2016-08-11,818,3,130110.9612018605
GIJXE,2017-07-15,920,13,198456.75294883683
EJZIA,2017-08-27,1031,6,105044.78982796075
LNZUK,2017-07-11,871,13,106095.22820121457
QKAYC,2016-09-06,1037,5,160623.20531483772
OCMYT,2017-07-13,42,5,87517.78840574343
APYZP,2016-11-27,176,7,150342.83960420956
TMZHT,2016-09-25,452,1,177284.87527126758
FYSSL,2017-07-26,702,7,82255.54371679551
KLNWA,2017-05-13,588,8,196573.97081549675
MJJGM,2016-09-01,1116,12,57797.56675668335
VGSFF,2017-09-17,695,2,181356.64570266905
CEJCP,2016-10-17,1120,10,94306.26217156084
ORGFJ,2016-09-07,729,7,196320.05644569217
JWJZE,2017-06-22,763,11,171061.57151346156
JSYYG,2016-10-10,1463,16,191658.50419365033
YXDTO,2017-08-29,1134,7,167008.27014263687
IDTER,2016-11-08,616,6,908.7500906876045
MDXMX,2017-02-18,91,15,74884.48242226287
RBKRF,2017-01-07,1236,16,95845.49567870527
KSFFY,2017-10-05,959,1,122150.972144989
BRXED,2017-08-09,295,14,65108.403710119324
ODKNI,2016-08-19,243,4,110661.5595890593
NGMJN,2017-02-05,999,13,79830.1967098046
NGKBS,2016-09-23,764,5,184195.44348313284
EBQGR,2016-10-07,934,1,129255.5474720472
PILKG,2016-11-04,812,7,167667.45294821466
VANOG,2017-01-06,592,4,73128.13536458882
KGDBG,2016-12-09,1252,14,131109.0645272276
ITRTN,2017-04-29,809,1,105893.71254978566
FIOFF,2017-11-30,1292,15,169074.50598771818
KAUZA,2017-08-18,270,7,183131.2073507839
CFPQJ,2016-07-23,698,15,80287.78646292827
XSZEQ,2017-09-05,209,12,170668.16258744037
GSVNY,2017-09-10,1066,6,79097.305886018
UQYBB,2016-09-24,448,8,45509.736578417345
ZXXNA,2017-01-04,689,14,111261.74063239167
WVSZO,2017-08-05,398,9,79009.12857717299
BZKHB,2017-10-29,845,16,144786.93655976004
AFGGH,2017-07-01,552,5,189065.1309523105
DPEUL,2017-04-13,101,1,122686.7455146283
LANVT,2017-10-27,281,1,95894.12380392278
BFIVV,2017-03-15,1159,5,20719.322783607484
RYOEO,2017-07-21,1452,14,53215.23977405316
OAOPY,2017-04-21,230,7,140341.18333216244
XJEAX,2017-04-02,1120,7,158336.8298188646
VQUTM,2017-01-16,99,6,142683.53042596957
EOMOT,2016-10-19,571,4,174478.12078050306
KPEAO,2016-10-24,945,14,73007.0380022815
XNHNL,2017-12-30,373,15,68797.74311755033
MLENP,2016-07-01,689,14,31094.555955296775
VXCSF,2017-11-04,618,11,192449.92340464276
IZGIK,2016-07-08,1333,14,105172.13604534858
WZHPR,2016-11-14,5,1,99572.01458788487
AXPTJ,2016-07-12,266,12,84566.77261198516
CNPHG,2016-07-03,608,7,95745.832068875
YDMSI,2016-10-13,1155,6,19984.947270328958
ULNJW,2016-10-22,364,15,39872.112825298056
VDUTO,2016-07-28,476,7,178731.51960718568
LVSRR,2017-10-29,550,11,159932.65532245752
ITLFW,2016-11-29,1055,10,124911.66019684519
CNMZR,2016-12-20,406,7,165963.74038475892
WJEOC,2016-07-11,94,1,179865.8293333578
KONVU,2017-08-18,1048,14,144455.61868825555
HUDGO,2017-07-05,447,14,92956.21148265553
KASYT,2017-08-20,992,8,157511.58709583222
XRPFE,2017-02-26,1126,7,155157.97853990758
BTXAL,2017-12-24,579,12,35851.41883293317
FHAFV,2017-11-28,508,10,159384.97420984524
OACCA,2017-07-13,311,14,121771.27481387273
UCGGP,2017-12-18,167,1,103759.8594257753
KKYQF,2017-09-12,1368,5,98890.5839329538
BNIOT,2016-10-23,1251,2,167395.3246554384
RLDPK,2017-07-03,195,3,96902.60317267581
VPAUU,2016-12-29,1494,16,96879.64888254934
ODXJJ,2017-06-10,1236,13,184028.2560672678
INBHH,2017-02-27,1006,4,193481.3239323153
CIDAX,2017-12-07,1198,4,81687.64054647186
WAFRT,2017-05-25,267,8,177320.19575462284
XJPTL,2017-07-23,843,11,93051.54444940189
BYTPZ,2017-10-09,533,16,107627.70807331863
IOXFO,2016-11-01,124,12,62795.98329224702
LWNFC,2017-05-24,1157,16,21107.192296655765
SPQSX,2017-07-01,585,11,77667.03244989048
NXARK,2016-09-25,1102,1,81364.61164127609
RWQYO,2016-10-29,1254,5,142264.0927029631
VJOZE,2016-10-18,105,4,6207.4485561463225
RYLCR,2017-09-27,584,13,56627.481264158865
LWMIZ,2017-12-22,944,3,137258.00816049118
ZDLZD,2016-12-15,592,12,102043.99035724651
CHDSY,2017-06-16,756,2,188025.27890515642
KJBSS,2017-10-13,17,5,123212.8191635227
GFRXF,2017-10-17,808,6,90249.89609555487
PYJEL,2017-08-14,1413,13,188240.9381879116
FNTKN,2017-05-26,1464,8,166614.39024546766
SDFLD,2017-02-23,421,11,187982.14254399735
AJBCU,2017-09-19,623,10,8816.585351526208
NDTCB,2016-09-23,218,4,151239.70227300454
YOYFX,2016-11-10,1246,7,72595.19015235765
DTYKB,2016-12-22,436,3,83854.76754433631
XPOTX,2017-02-12,1409,2,151562.72759416566
CAQVU,2017-08-25,1057,11,100150.23885692412
PFUKP,2016-08-31,475,2,90381.2626438408
ZGCUW,2017-05-08,443,11,107768.52268885334
HLSYW,2016-07-02,154,11,170680.25141933144
HVLRH,2016-09-25,322,14,94795.24320225681
GAVUR,2017-04-19,1468,6,95267.85880106263
YNOWG,2017-06-14,382,11,7925.837076656306
LJIJE,2017-04-26,142,9,82855.76030528947
KVIIV,2017-01-02,947,2,80675.80159666493
ZHYYP,2017-09-25,273,8,109120.24003916673
RTUDM,2017-04-12,13,15,6828.352083376088
LMOHB,2016-11-24,561,1,178052.1330151007
UUWNX,2016-09-30,1323,7,141516.7906040148
HDBON,2017-09-26,259,16,69761.65295711512
PVOMV,2017-08-16,1451,11,48607.97246603816
DKCCI,2016-11-24,916,5,127361.59181665345
TRFOA,2016-10-02,1432,3,122642.55914958735
KOKMQ,2017-01-30,843,14,131279.4496534357
MWYXD,2017-10-14,745,3,157925.50193941192
MRTAR,2017-07-21,1469,7,104359.40089572073
DEESS,2017-05-24,722,10,50628.60983039881
LKJAX,2017-10-01,397,13,88365.32544404594
UBQKF,2016-09-30,541,6,153512.21147832298
EZDWV,2016-10-26,1266,9,185991.95374925045
BAYFZ,2017-04-07,500,4,99196.54701190384
PMKPM,2017-08-22,922,10,171927.5433484162
AVMGE,2016-11-19,57,9,161603.50424563434
LZMSX,2016-08-27,1409,14,187893.57306000104
YPTXM,2017-06-29,715,15,131411.23860817796
VETAD,2017-04-30,1172,8,163800.6605544695
WMDOF,2017-06-06,1308,13,123517.539533003
EKYVM,2016-09-10,952,1,81502.28522930818
QHYPS,2016-12-23,1429,4,66670.68901651929
STDQX,2016-10-01,777,1,161535.73489080407
PYQVP,2016-10-24,716,16,128841.19184129688
WIKOE,2017-07-21,1239,6,97542.29604940052
JBNVB,2017-12-09,1402,10,181202.70467647762
EOVYD,2017-02-10,231,6,162388.53113584695
KUMCA,2016-07-29,783,11,84331.46596104224
UWLVZ,2016-09-06,829,10,15137.643146437264
STFNY,2017-04-05,779,13,118525.33337773026
TKHPQ,2016-07-19,516,15,33933.56100153282
QOYTL,2016-07-08,371,12,99978.92403976947
EYLNK,2017-06-18,1038,11,33562.72527843205
BINTO,2017-02-21,1204,2,198330.49225788147
RPMPZ,2016-12-07,1082,9,129330.16138036728
UALES,2016-08-20,98,6,30922.967951024028
EZZAE,2017-12-13,1207,4,190582.6940162344
IJEHR,2017-05-14,1051,13,180434.02747999248
RLCRY,2017-01-21,91,3,134782.56013644984
EBFSZ,2017-12-18,785,15,90497.54535757295
FEVVC,2016-08-27,1123,15,132635.47385557336
IRSQT,2017-05-18,707,2,84185.93443530102
SWDQY,2017-02-10,168,5,68294.07062705282
CEINT,2016-12-29,1327,11,143980.51240942333
GBEVK,2017-06-29,383,6,177744.5223810623
BMKLB,2016-08-21,905,6,68154.19201437656
GLNIL,2017-02-03,116,5,174540.51831898757
PDKAG,2017-12-20,192,14,95884.81622884398
FNFXO,2017-06-22,1185,1,139079.7227127815
CRUOL,2017-08-24,1061,12,14544.229447507507
MZAME,2016-10-14,1388,5,11916.786651222134
EIVKY,2016-12-17,672,15,123174.4458052529
PROVO,2017-01-14,701,16,136720.3457066393
WXJXJ,2016-08-25,701,8,15886.710317883046
UCNMZ,2017-08-09,162,1,170684.9789439386
GSSTK,2016-07-30,650,4,5411.462722465998
BLERW,2017-01-25,707,1,178579.62815613422
UJHGX,2016-12-09,45,7,86945.63030280179
HMDEB,2017-06-07,273,7,738.4536965583832
PTTLA,2017-08-10,1440,5,2229.2237825370266
VSJHL,2016-07-28,1399,4,171247.5363858524
CSLGK,2017-03-25,890,6,31246.473772654303
WGDSN,2017-07-26,1028,16,10577.471383820703
ZWHYU,2016-12-22,367,15,131579.80330679606
KIJBX,2017-11-14,1120,13,97375.75711913146
QRBVB,2017-07-26,216,6,128766.43659395215
FCZTM,2017-07-05,746,2,30782.752548122484
NWFBG,2017-01-29,1236,4,84885.31717053303
MHLBH,2017-08-18,447,7,56227.16508484456
GKPNT,2017-09-22,943,3,144216.27446700176
MERTJ,2016-11-10,920,13,52613.445565248316
VOPOO,2017-03-28,571,16,143735.3358295349
LGLPT,2017-11-28,435,16,17679.983717044557
NYJEH,2017-03-30,1030,9,159661.01782975436
QFXHP,2017-11-19,666,8,57777.24879154826
EJJXR,2017-03-29,848,3,108365.3939363257
CBWSD,2017-10-22,1438,1,167080.61742187338
JJIFY,2017-12-02,1126,10,19838.55862424373
WQAXE,2017-09-02,151,15,153681.43487313847
EYTIG,2016-12-03,670,13,53820.70283710863
DRNXD,2016-08-30,473,13,173165.4916628954
AQCIX,2017-04-30,327,14,147053.37581092757
WWNWF,2016-11-15,107,5,8468.980604349596
ZSGPX,2017-05-23,996,13,16474.131995947428
DCTJI,2017-08-20,191,14,98390.01704158701
NGJED,2017-12-27,1002,12,156357.26184685397
QOBJK,2017-03-20,711,12,171043.31577812927
IFOLL,2017-03-23,1117,12,194262.55239716033
GALBC,2017-03-06,930,4,141722.98140313997
IHGDH,2017-06-27,1237,11,74046.85314545096
WTDPM,2017-11-13,62,12,32950.12445282144
MWSEB,2016-07-18,625,12,28146.686510230178
PTHHQ,2017-06-08,1177,2,67701.82752347595
OUKWV,2016-07-06,1237,4,86406.39160020504